customerID,churn_prediction,churn_probability
4376-KFVRS,0,0.04825225486339479
2754-SDJRD,1,0.6888537741024096
9917-KWRBE,0,0.0815538692162067
0365-GXEZS,0,0.363076963539099
9385-NXKDA,0,0.021278475428395865
4686-UXDML,1,0.6696299455188978
2227-JRSJX,0,0.45961182090067204
4830-FAXFM,0,0.1341281998420868
1830-IPXVJ,0,0.0029813632860624254
4690-LLKUA,0,0.31854684852308623
5804-HYIEZ,0,0.2808445069108956
2388-LAESQ,0,0.05321869974962716
5533-RJFTJ,0,0.15492639714747727
4706-AXVKM,1,0.695739578975454
0997-YTLNY,0,0.13012034247603804
7971-HLVXI,0,0.06478365830224317
7337-CINUD,0,0.027199343787538525
1379-FRVEB,1,0.6506294151559848
4753-PADAS,0,0.2159382969562219
5701-GUXDC,0,0.10904685972936097
7235-NXZCP,1,0.758475521528137
0668-OGMHD,0,0.24473788826783663
2812-REYAT,0,0.017140235816223263
8779-YIQQA,0,0.04220383082380775
9701-CDXHR,0,0.24267541665107784
7130-CTCUS,0,0.19929699481099222
1894-IGFSG,1,0.5601901443499788
0871-URUWO,1,0.7792466652590293
0057-QBUQH,0,0.012953779917010275
9611-CTWIH,1,0.7614915144516371
8058-DMYRU,0,0.3931702988485789
5351-QESIO,0,0.49375485438475736
4302-ZYFEL,0,0.006586964720866827
6134-KWTBV,0,0.004399495094358627
2034-GDRCN,1,0.7718564087606361
9544-PYPSJ,0,0.28440978220068697
4208-UFFGW,0,0.39025269222988784
9537-JALFH,0,0.0020038768128780326
4415-IJZTP,1,0.7377076237095388
4701-MLJPN,0,0.14827490060576975
7515-LODFU,0,0.0026578540128802514
4927-WWOOZ,1,0.8068162444085698
4067-HLYQI,0,0.39179087514815686
6184-DYUOB,0,0.26167467051274956
9209-NWPGU,0,0.03478330396195373
9851-KIELU,0,0.4938759238194398
3199-XGZCY,1,0.6942703965094742
4226-KKDON,0,0.33513655967958783
1085-LDWAM,0,0.006263806045731187
6825-UYPFK,0,0.46259232430816327
1767-CJKBA,0,0.005072154675081177
7181-BQYBV,1,0.6949896931459947
0178-CIIKR,0,0.19414333512898754
4256-ZWTZI,0,0.2765373199157167
9537-VHDTA,0,0.2531887017912574
2754-XBHTB,1,0.6438773857236954
5975-BAICR,0,0.06284781541128573
3301-VKTGC,0,0.06792155469081787
2877-VDUER,0,0.09329487458138355
7717-BICXI,0,0.0038553489629874456
0562-FGDCR,0,0.007099017374219351
3705-PSNGL,0,0.02445662372651322
0048-LUMLS,0,0.24650921659258074
6497-TILVL,0,0.21923641238303318
2108-YKQTY,0,0.29257857802313375
3658-KIBGF,0,0.3173736178857818
5482-NUPNA,0,0.22140282660776167
7410-KTVFV,0,0.3321418388754145
9033-EOXWV,0,0.2106546475297457
8821-XNHVZ,1,0.7212912982498996
8224-KDLKN,0,0.0024899502378454494
4825-FUREZ,0,0.009930931911381235
7534-BFESC,1,0.5890182610660848
9138-EFSMO,0,0.21870974536821694
4227-OJHAL,0,0.030535049554787096
7279-NMVJC,0,0.04619705670652248
8591-TKMZH,0,0.07500020277471232
9283-LZQOH,1,0.5996862125509745
3594-IVHJZ,0,0.26472003969796837
1945-XISKS,0,0.0033465171454767004
4359-INNWN,0,0.050122255042886636
7649-SIJJF,0,0.012669203531488963
9254-RBFON,0,0.23387888718226976
0970-ETWGE,1,0.7828421083189142
7762-ONLJY,0,0.0753738832666439
6710-HSJRD,0,0.40798363654998965
8873-GLDMH,1,0.7155463072923312
9907-SWKKF,1,0.5472957871378907
4658-HCOHW,0,0.4423617603153042
9330-VOFSZ,0,0.10563467386872086
2860-RANUS,1,0.6432486155001621
6234-PFPXL,0,0.3998636651465587
7205-BAIAD,0,0.01191987077571821
3858-VOBET,1,0.5933550786108073
5103-MHMHY,0,0.3362796505965727
6119-SPUDB,0,0.017444467861601885
9389-ACWBI,1,0.501787895993058
3454-JFUBC,0,0.003930236007111587
1768-ZAIFU,1,0.6126914502965881
7017-VFULY,0,0.17390371114737757
9221-OTIVJ,1,0.7305155229537228
2482-CZGBB,1,0.6282058952108318
7018-WBJNK,1,0.5911798561200211
3331-HQDTW,1,0.5319429262940942
4695-VADHF,0,0.2271033656529702
4086-WITJG,0,0.0019355508413442428
6297-NOOPG,0,0.08976662603842038
8777-PVYGU,0,0.06115854586552121
4378-MYPGO,0,0.05200991071702046
9313-CDOGY,0,0.03897122510491821
4121-AGSIN,0,0.013850989847892412
0432-CAJZV,1,0.7274109866588974
9097-ZUBYC,0,0.1675813867299615
9638-JIQYA,1,0.5945047658662362
1024-GUALD,1,0.6225079463770479
8024-XNAFQ,0,0.03625775585583416
7587-RZNME,0,0.4342596092095612
1346-UFHAX,1,0.5445014096679491
6374-NTQLP,0,0.03517587327083663
6625-FLENO,0,0.005429637912903982
7375-WMVMT,0,0.039728433439125986
6910-HADCM,1,0.6055671746867222
7401-JIXNM,0,0.015727111401849538
7338-ERIVA,0,0.04529089229906468
5376-DEQCP,1,0.6860306587272048
0909-SELIE,0,0.014178976324053585
5419-KLXBN,0,0.44868043978779387
0365-TRTPY,0,0.2547440477936401
6712-OAWRH,1,0.6311086213624294
2428-ZMCTB,0,0.1371565633030648
1963-VAUKV,0,0.21035143943710313
9381-NDKME,0,0.4170843233899351
3729-OWRVL,0,0.08092391021454295
0895-LMRSF,0,0.2087105593005594
2676-SSLTO,0,0.03467225533406975
8495-PRWFH,0,0.14737788067720062
9030-QGZNL,0,0.04264603635126435
9972-NKTFD,0,0.08728963405894129
7998-WNZEM,0,0.007040741100439936
0979-PHULV,0,0.35785412809361344
6445-TNRXS,0,0.048364072705027315
9586-JGQKH,0,0.08655898658488274
3966-HRMZA,1,0.5994968302726124
5498-IBWPI,0,0.01502188944871249
6823-SIDFQ,0,0.031508847331103984
2323-ARSVR,0,0.052994898905764594
5468-BPMMO,0,0.034969546068849895
0486-HECZI,0,0.35257679944955406
2178-PMGCJ,1,0.5429386717186858
4660-IRIBM,0,0.496082106619127
9674-EHPPG,0,0.01691796756177518
5606-AMZBO,1,0.5676422075455853
0665-XHDJU,0,0.12220453001245818
5402-HTOTQ,0,0.28712180015022665
8258-GSTJK,1,0.7484234238570894
3787-TRIAL,0,0.3744264012842061
6175-IRFIT,1,0.6402818193457825
6317-YPKDH,0,0.447655592943287
5692-FPTAH,0,0.4738850020714981
5373-SFODM,1,0.5501025153967685
0868-VJRDR,0,0.047960343388994256
4079-VTGLK,0,0.1032506569813986
1166-PQLGG,0,0.0016652084352735508
5296-BFCYD,0,0.009932633818158206
6568-POCUI,0,0.11852346255190446
2839-RFSQE,0,0.20410878543459604
2188-SXWVT,0,0.04803859027165194
8849-GYOKR,0,0.17048900360417263
3623-FQBOX,0,0.139316718284086
2649-HWLYB,0,0.010021293852156232
0599-XNYDO,1,0.5110339832919097
2514-GINMM,1,0.7512941170856279
8401-EMUWF,0,0.13543293345338303
5766-ZJYBB,0,0.21495015214891516
2604-IJPDU,0,0.392720215696257
2501-XWWTZ,1,0.535426013574589
6370-ZVHDV,0,0.0049687564292339
3027-YNWZU,0,0.004644383058791841
4526-ZJJTM,0,0.3868640648358392
0440-QEXBZ,0,0.1866910278991878
0330-IVZHA,1,0.5827351578284529
9758-MFWGD,0,0.04153682111292353
4229-CZMLL,1,0.7189124644267844
0742-MOABM,0,0.2784232202187341
4277-BWBML,0,0.0017239707146209343
5136-GFPMB,0,0.31995420225793847
7520-HQWJU,0,0.04688423779493528
6304-IJFSQ,0,0.42431544638473234
0297-RBCSG,0,0.10634187147102758
6013-BHCAW,0,0.026856794456453736
4402-FTBXC,0,0.23245669326384735
1471-GIQKQ,0,0.33183594166694425
4283-FUTGF,1,0.6198122647122852
9548-LERKT,0,0.023199140432811707
8059-UDZFY,1,0.5230368398633835
0410-IPFTY,0,0.43430417814058336
2478-EEWWM,0,0.22443193281248888
4619-EVPHY,0,0.4667092655909309
2277-DJJDL,0,0.37824605834050345
2911-WDXMV,1,0.5540050693911229
3639-XJHKQ,0,0.16326458710165817
8173-RXAYP,0,0.017163273299755956
4537-CIBHB,0,0.06777805469198415
5442-BXVND,0,0.053242576640048826
2308-STERM,0,0.19962273385822796
7159-NOKYQ,0,0.0927036958189462
6075-QMNRR,0,0.062293476094356426
3694-GLTJM,0,0.20843483317005174
9629-NHXFW,0,0.23157243550278367
7167-PCEYD,0,0.004714950415035986
2748-MYRVK,0,0.1645609815667543
4223-WOZCM,0,0.3842292979627802
6946-LMSQS,0,0.3602402775713666
5469-NUJUR,0,0.03824880544136013
6388-TABGU,0,0.012085176254198268
1261-FWTTE,0,0.40276796708421103
8590-YFFQO,0,0.004119931301831351
0082-OQIQY,0,0.4905140251110409
9465-RWMXL,1,0.5229009410037265
2930-UOTMB,0,0.09152458565073478
9128-CPXKI,0,0.09580173504371091
0484-FFVBJ,0,0.1591837542993472
1100-DDVRV,1,0.5834429672058193
9313-QOLTZ,0,0.08625344749255831
3338-CVVEH,1,0.713742313761776
1131-SUEKT,0,0.10671459757968572
7602-DBTOU,0,0.0028034286622321716
1385-TQOZW,0,0.18312962152569157
6892-XPFPU,1,0.6883737844151773
4115-NZRKS,1,0.7368145013190824
5514-YQENT,0,0.07518375733496219
6319-IEJWJ,1,0.6316112099458184
8849-AYPTR,1,0.5221359605717902
5893-PYOLZ,0,0.02686977196655487
7180-PISOG,1,0.7096517322510516
8443-ZRDBZ,1,0.7377158067439309
9079-YEXQJ,0,0.3111650999602767
3780-YVMFA,0,0.3387773816896705
6968-MHOMU,0,0.1199240911107545
0899-LIIBW,1,0.5981432591526737
3677-IYRBF,1,0.5978966261170953
8393-DLHGA,1,0.5601431255937774
7691-XVTZH,0,0.09195171240262667
5360-LJCNJ,0,0.11019876105276659
3891-PUQOD,0,0.34120175855193247
0952-KMEEH,1,0.624822031719553
4919-IKATY,1,0.5842489184818683
9746-UGFAC,0,0.03850007883949215
9108-EQPNQ,0,0.03699580819994413
0531-ZZJWQ,0,0.3424747771750012
8763-KIAFH,0,0.04504886323446106
5863-OOKCL,0,0.1457639568970614
2958-NHPPS,0,0.09074636786734035
9530-GRMJG,0,0.020437939251621483
1809-DMJHQ,0,0.3025416896007693
0164-XAIRP,0,0.023061964020906184
2926-JEJJC,0,0.09285908797232324
1169-WCVAK,0,0.36617214962244754
1217-VASWC,0,0.2921922556996423
2452-KDRRH,0,0.43094035734697983
6402-EJMWF,1,0.5038119364245499
7663-CUXZB,0,0.05850617867731594
4312-KFRXN,0,0.004044960041531006
3011-WQKSZ,0,0.1134510568669508
9747-DDZOS,1,0.5489957187442907
2091-MJTFX,0,0.22691278930154052
0388-EOPEX,1,0.5888351183708651
3161-ONRWK,0,0.012858123171806478
2587-EKXTS,0,0.4852796079666396
9752-ZNQUT,0,0.40332359811525
9572-WUKSB,0,0.49755177955971264
3836-FZSDJ,0,0.00344078237941837
8805-JNRAZ,0,0.3367503862927556
3069-SSVSN,0,0.36936191179402256
8015-IHCGW,0,0.05078071437475794
8132-YPVBX,1,0.6751622094312052
0235-KGSLC,1,0.7254689477650217
1302-UHBDD,1,0.5881500109169306
3722-WPXTK,1,0.7774463509396324
7531-GQHME,0,0.12830672484362415
1335-NTIUC,1,0.538347153336375
9367-TCUYN,0,0.13946419491306
1536-HBSWP,0,0.3364777295543973
8573-JGCZW,0,0.0671834672991387
2694-CIUMO,1,0.531432437114416
2027-FECZV,1,0.7572680717349827
9103-TCIHJ,0,0.32650580202693325
1545-JFUML,0,0.06867220058831777
0524-IAVZO,1,0.599501197619845
5519-TEEUH,0,0.03448992769065701
6654-QGBZZ,0,0.2081823716389514
2294-DMMUS,0,0.1463361867164202
0017-IUDMW,0,0.048966644662082365
5018-LXQQG,0,0.07017623123670474
5808-TOTXO,0,0.09855568074491851
1174-FGIFN,0,0.27134743847897247
0730-KOAVE,0,0.4373544971771098
1218-VKFPE,0,0.1150303448828425
5313-FPXWG,0,0.02179917863893364
2834-JKOOW,0,0.10376191956388531
9430-NKQLY,0,0.0038446416366252558
0363-QJVFX,0,0.3993935827865757
1658-TJVOA,1,0.5426524499070667
6685-GBWJZ,0,0.016784837982647852
6328-ZPBGN,1,0.7452469154797878
4003-FUSHP,0,0.2657685801011181
7690-KPNCU,0,0.037210678264532226
2969-WGHQO,0,0.11964475552603343
1855-CFULU,0,0.18815412694341874
9788-YTFGE,0,0.23137110500972072
8266-VBFQL,1,0.5997795634129087
2325-NBPZG,1,0.5701222204427562
9906-NHHVC,0,0.03489845189884598
2541-YGPKE,0,0.024856241215267028
5049-MUBWG,0,0.06731924548352314
2332-TODQS,0,0.018241963690933487
4419-UJMUS,0,0.07689818014635115
2233-TXSIU,0,0.16455545306229183
6770-XUAGN,0,0.22509814201161382
2919-HBCJO,1,0.5985042669215159
9508-ILZDG,0,0.4474254715536625
5442-BHQNG,1,0.5980825669907174
7250-EQKIY,0,0.3385202549827997
6838-HVLXG,0,0.14067149022809036
9767-FFLEM,0,0.37128899539229654
2245-ADZFJ,0,0.038999484582181054
1150-WFARN,0,0.05149762213303031
9054-FOWNV,1,0.6234818412963239
7997-EASSD,0,0.10405947373287298
7560-QJAVJ,0,0.00795332749984708
2668-TZSPS,0,0.21963174504703148
9139-WQQDY,0,0.2420758590737764
6726-NNFWD,0,0.03981707268773767
9330-DHBFL,0,0.05417126506015918
5727-MYATE,0,0.013086970102694497
2824-DXNKN,0,0.014033268160915005
6166-ILMNY,1,0.5561615367523612
5236-XMZJY,0,0.059155873288127686
1709-EJDOX,0,0.006342048618861399
4962-CHQPW,0,0.028724640111921967
0301-FIDRB,0,0.011053060654662467
1820-TQVEV,1,0.6916369627772454
9115-YQHGA,0,0.1138219103608855
1541-ETJZO,0,0.35857326879305934
6230-BSUXY,1,0.7134998720149619
6797-LNAQX,0,0.06066468166116323
9588-YRFHY,0,0.009035426145483324
1092-GANHU,1,0.5790644469826506
5951-AOFIH,0,0.23783150117200114
7029-RPUAV,1,0.7457680245563042
4700-UBQMV,0,0.17874060495400942
3594-UVONA,0,0.10256719530870073
7750-EYXWZ,0,0.2303702047461808
7054-ENNGU,0,0.30040860550587034
0402-OAMEN,0,0.0023122761107160516
2195-VVRJF,0,0.26001078817207446
8819-ZBYNA,0,0.0748372374191773
7748-UMTRK,1,0.5063420578614737
1741-WTPON,0,0.060380914328847686
7209-JCUDS,1,0.7362904583785137
2485-ITVKB,1,0.6552601385678906
9648-BCHKM,0,0.0359646771849635
0743-HRVFF,0,0.08980348295323036
2522-AHJXR,0,0.27564495309831316
9143-CANJF,0,0.07827947368515956
1444-VVSGW,0,0.09115029423335906
6898-MDLZW,0,0.24133473880768516
0074-HDKDG,0,0.06723143092256617
3982-JGSFD,0,0.03292161362168501
7928-VJYAB,1,0.6184365384993018
1522-VVDMG,1,0.523117679836573
2665-NPTGL,1,0.6532092213988929
8728-SKJLR,0,0.27163071957122836
7733-UDMTP,0,0.20851082832276524
0431-APWVY,0,0.34634757888952783
5081-NWSUP,0,0.1212390073574852
2746-DIJLO,0,0.08987681543456695
7277-OZCGZ,0,0.35110890874495104
5236-PERKL,0,0.11626315487551714
2788-CJQAQ,0,0.07127657378426244
3096-WPXBT,0,0.11507138208255031
9962-BFPDU,0,0.17857051839618684
2892-GESUL,0,0.021950970834192594
9741-YLNTD,1,0.6062570210503522
1205-WNWPJ,0,0.3711458702240906
3173-NVMPX,0,0.38351340708741316
9661-MHUMO,0,0.28594539307981864
6000-APYLU,1,0.6816627870469633
0048-PIHNL,0,0.012286176085805596
9420-LOJKX,1,0.542188154364647
7061-OVMIM,0,0.021895039081438823
5671-RQRLP,0,0.06450830920913547
5129-JLPIS,0,0.4418158710312319
5170-PTRKA,0,0.03260716196138366
4819-HJPIW,0,0.381978798635323
8780-RSYYU,0,0.09790759294021677
2335-GSODA,0,0.035397099813292504
5696-CEIQJ,0,0.03276220415617006
6169-PPETC,0,0.009223164052584179
4237-RLAQD,0,0.4902327805352268
7359-WWYJV,0,0.04358763432314738
8620-RJPZN,0,0.1988278961035391
7426-WEIJX,0,0.20911191951180702
7629-WIXZF,0,0.19449689530669154
2616-FLVQC,0,0.00378723249309845
9163-GHAYE,0,0.22068964186512469
4464-JCOLN,0,0.09378483917649492
2971-SGAFL,0,0.4264211768957125
4735-ASGMA,1,0.6899004056448139
5245-VDBUR,0,0.04771633539735584
1493-AMTIE,0,0.23743450852104508
1112-CUNAO,1,0.5783607429917229
7571-YXDAD,1,0.6431334010546953
8714-EUHJO,1,0.513517269745997
9040-KZVWO,0,0.2013616987037705
6713-OKOMC,0,0.35330869228065065
8749-CLJXC,0,0.21783968931302758
4713-LZDRV,1,0.7123152552024988
6598-RFFVI,0,0.09556779168007082
7470-MCQTK,1,0.5751894987544597
5524-KHNJP,0,0.0743809496905623
1707-HABPF,0,0.2097513886283723
4581-LNWUM,1,0.5196103101008214
9710-ZUSHQ,0,0.481404135216265
1697-LYYYX,0,0.005948553861477333
4013-GUXND,0,0.2212084636382438
5022-JNQEQ,0,0.46112092925072007
4983-CCWMC,1,0.694216185387562
6345-FZOQH,0,0.003246111082652618
0962-CQPWQ,0,0.0026558658889804182
5495-GPSRW,0,0.03661880275761774
2252-JHJGE,0,0.1721903894178781
7356-AYNJP,0,0.11559610477613805
2019-HDCZY,0,0.13338093086675687
8582-KRHPJ,0,0.12059419013745813
2867-UIMSS,1,0.6602724887840464
3487-EARAT,0,0.008622370287167563
9926-PJHDQ,0,0.027439111231022374
0289-IVARM,0,0.08602401394915556
4672-FOTSD,0,0.22726682592049313
6198-PNNSZ,0,0.15683131904481998
7603-USHJS,1,0.593446245714878
6784-XYJAE,0,0.09051176602703932
3858-XHYJO,0,0.24702667376283982
1087-UDSIH,0,0.251920268298079
7251-LJBQN,0,0.2933847431398757
3200-MNQTF,0,0.006654766005974009
9359-UGBTK,0,0.019037179211856443
8160-HOWOX,1,0.5302179962130269
0258-NOKBL,1,0.6016358185944534
2800-QQUSO,0,0.49497491587284365
2129-ALKBS,0,0.06819156929562861
9972-VAFJJ,0,0.13666707638193845
4693-VWVBO,0,0.18067685426738042
6969-MVBAI,1,0.7474490851515073
4821-WQOYN,0,0.0025020739928556177
6769-DYBQN,0,0.2458943208502859
4018-PPNDW,0,0.006706781659255724
6288-CHQJB,0,0.007439533925698669
4905-JEFDW,0,0.42062633281469514
0559-CKHUS,0,0.024388563802463587
2659-VXMWZ,0,0.1708705597560919
6559-RAKOZ,0,0.22896297688301875
8809-XKHMD,0,0.03622837879979655
6365-HITVU,0,0.007182485927115469
0134-XWXCE,0,0.05251037589553308
9720-JJJOR,0,0.037360394253820234
2782-LFZVW,0,0.48606377555971847
6112-KTHFQ,0,0.17746754335656809
9220-ZNKJI,0,0.04904691325787834
9820-RMCQV,0,0.18981828444865698
9013-AQORL,0,0.1134569257635482
2040-OBMLJ,0,0.19154629666962272
5574-NXZIU,0,0.03665160404427358
5446-DKWYW,0,0.06524381041872443
0480-KYJVA,0,0.0025275399863845527
1074-AMIOH,0,0.26989515946105525
0015-UOCOJ,0,0.293552287468408
0256-LTHVJ,0,0.4795250721456525
4547-LYTDD,1,0.5377337220325635
1077-HUUJM,1,0.5844779227076863
2041-JIJCI,0,0.4865664676658512
1555-HAPSU,0,0.0025629888392355066
4323-SADQS,0,0.3036569861794879
3292-PBZEJ,1,0.6636881154301636
6203-HBZPA,0,0.02137917652476639
9755-JHNMN,0,0.00778588140893614
7369-TRPFD,0,0.05354469453911846
9878-TNQGW,1,0.7291789620916449
2279-AXJJK,0,0.3101487632808277
5016-IBERQ,0,0.4824131350490479
1016-DJTSV,1,0.6407178141625579
8433-WPJTV,0,0.13971282879763128
8903-XEBGX,0,0.44027762819791477
2632-TACXW,0,0.004409050315700292
7952-OBOYL,1,0.6496320619060922
1470-PSXNM,0,0.2385096808929421
6227-HWPWX,0,0.3797145710921562
5924-SNGKP,0,0.02005783615775831
8818-DOPVL,1,0.5339738521693215
4521-WFJAI,0,0.00884565799197555
4724-WXVWF,0,0.27540923143497886
3717-OEAUQ,1,0.6310825413374818
8165-ZJRNM,0,0.002256583518373955
7838-LAZFO,0,0.053060015901366275
0513-RBGPE,0,0.020281732223431877
7251-XFOIL,0,0.2969197341582552
2525-GVKQU,0,0.004337436785994418
7579-OOPEC,0,0.319503520281375
3795-GWTRD,0,0.006070396022615105
4750-ZRXIU,1,0.7548625672558613
5445-PZWGX,0,0.08174785142912802
0516-UXRMT,0,0.11829838921159166
0727-BNRLG,0,0.05714925605314962
3932-CMDTD,0,0.4414258700489726
1264-FUHCX,0,0.09929976344991322
6194-HBGQN,0,0.04711835018649629
4524-QCSSM,0,0.2631805524311843
4570-QHXHL,0,0.3687608394822839
2972-YDYUW,0,0.10883615266347556
2061-VVFST,0,0.042858459749985596
6874-SGLHU,0,0.37550213574413965
9844-FELAJ,0,0.12540481914315893
1902-XBTFB,1,0.5127457873392787
9039-RBEEE,0,0.14110297158068363
9369-XFEHK,0,0.4471347683844583
3680-CTHUH,0,0.15550790800603606
3679-XASPY,0,0.16513795750146856
9089-UOWJG,0,0.3477861201856718
1574-DYCWE,0,0.005348301334325736
9779-DPNEJ,1,0.5233535149389602
2967-MXRAV,0,0.09527804441138803
0327-WFZSY,0,0.3114273688835734
1731-TVIUK,1,0.6107787675492626
7666-WKRON,0,0.08240987454943359
3865-ZYKAD,0,0.16883597805330453
1465-LNTLJ,0,0.32107649675566186
2696-RZVZW,0,0.0040844272439899
0685-MLYYM,1,0.6013615684852178
2778-OCLGR,0,0.24690574143046115
3982-XWFZQ,0,0.20011515888812534
4759-PXTAN,0,0.06833205075993466
1448-PWKYE,1,0.6123787102317374
8741-LQOBK,0,0.065769914055597
8650-RHRKE,1,0.584811994671364
7266-GSSJX,0,0.16354538064902432
1265-HVPZB,0,0.025577064070132386
9640-ZSLDC,0,0.03802310985786874
0988-JRWWP,1,0.5014232531123737
1926-QUZNN,0,0.004368115312722479
9025-ZRPVR,0,0.2116036319464142
6527-PZFPV,0,0.04609470058884209
7460-ITWWP,0,0.41463866981974534
1530-ZTDOZ,0,0.12094103391667624
4785-FCIFB,0,0.005966977454249698
9717-QEBGU,1,0.6887982010307485
0876-WDUUZ,1,0.5666678605909949
7881-EVUAD,0,0.48858490851444353
4002-BQWPQ,0,0.12208004918349898
6377-WHAOX,0,0.4697492867563784
5027-YOCXN,0,0.11009865762278259
8450-JOVAH,0,0.32783598756895993
6646-QVXLR,0,0.27328202614976815
0254-KCJGT,0,0.044254447569730036
3442-ZHHCC,0,0.03691642260333508
9167-APMXZ,1,0.6258701657807318
0616-ATFGB,1,0.5539875025988455
7273-TEFQD,1,0.647058689771476
8245-UMPYT,1,0.7583233956785833
6022-UGGSO,0,0.3895296590962349
6292-TOSSS,0,0.007752958663590549
5207-PLSTK,0,0.33258405475681924
3908-BLSYF,1,0.5950024271098853
4317-VTEOA,0,0.4300649247923409
0625-AFOHS,0,0.014006841512362209
4667-OHGKG,0,0.27801826493517234
2386-OWURY,0,0.31124070904697715
3780-DDGSE,0,0.1734508647704933
1047-RNXZV,0,0.009626861366251576
3926-YZVVX,0,0.031019158676910224
4742-TXUEX,0,0.004897293176601334
8709-KRDVL,1,0.6192680170860481
0397-ZXWQF,0,0.002762540395715629
3910-MRQOY,0,0.00213528154085884
2511-MORQY,0,0.04051539497498075
4039-PIMHX,0,0.021041038496807375
8083-YTZES,1,0.7268579233884053
1346-PJWTK,0,0.14271724328456759
3750-YHRYO,0,0.07832939360766628
1236-WFCDV,1,0.6226382020548276
5949-HGVJL,0,0.23569013960352594
9112-WSNPU,0,0.3282509273049812
1360-JYXKQ,0,0.19227736420693253
3585-ISXZP,1,0.6988685500862482
8380-PEFPE,1,0.649469038722818
9402-ROUMJ,0,0.06902020020714494
4335-UPJSI,0,0.016481197293113696
6096-EGVTU,0,0.008916666926660906
8988-ECPJR,0,0.42953742123868005
7677-SJJJK,0,0.06358656673137557
5850-BDWCY,0,0.17536485294219514
2025-JKFWI,1,0.693466623972335
8028-PNXHQ,0,0.005213729697489982
8397-MVTAZ,1,0.6705568912719491
4445-ZJNMU,1,0.7505645909448357
3125-RAHBV,0,0.043259401344135695
6682-QJDGB,0,0.08947634587200896
8840-DQLGN,0,0.3319160265246738
6258-NGCNG,0,0.21477685934823887
5917-RYRMG,0,0.02745448368035616
7157-SMCFK,0,0.0033598613029172815
0816-TSPHQ,0,0.21359726627014952
6766-HFKLA,0,0.0788803718904637
7067-KSAZT,0,0.2714720646012029
5155-AZQPB,0,0.19863351162027204
6890-PFRQX,0,0.297205885235506
3508-VLHCZ,0,0.012518839318704759
3649-JPUGY,0,0.022615624959227455
9248-OJYKK,1,0.7574764970762843
7239-HZZCX,0,0.21650258626167107
9860-LISIZ,0,0.05827713167497435
6979-ZNSFF,1,0.768994157101295
8938-UMKPI,1,0.5482554773666879
1820-DJFPH,0,0.003223846676660164
0732-OCQOC,0,0.007898915607876991
6776-TLWOI,0,0.2024811141992025
4940-KHCWD,0,0.006822975098426884
9057-SIHCH,1,0.8187328210820067
9866-QEVEE,1,0.6404444626066265
5542-TBBWB,1,0.6935904847297099
4587-VVTOX,1,0.7758641265975131
6322-HRPFA,0,0.02844084020888483
6284-AHOOQ,1,0.5344754512500992
4530-NDRKU,0,0.02064966192381458
1751-NCDLI,1,0.5808048108237327
3893-JRNFS,0,0.10260175311051137
5857-XRECV,0,0.06961011098135493
3115-CZMZD,0,0.06448814324549954
4489-SNOJF,0,0.09406102947340679
1051-GEJLJ,0,0.19892195691092424
3563-SVYLG,0,0.0032434378964525485
4301-VVZKA,1,0.6617512957413565
9351-HXDMR,0,0.07090794668096065
5161-XEUVX,0,0.13340749482790817
3088-FVYWK,0,0.006268398238327345
9812-GHVRI,0,0.38383363910884755
1370-GGAWX,0,0.26709718316633163
6023-YEBUP,1,0.8209122235006362
9940-RHLFB,1,0.5989733582788525
4541-RMRLG,0,0.16131437741774104
2606-RMDHZ,1,0.5189609304918327
5575-TPIZQ,0,0.3974028309554929
9378-FXTIZ,0,0.11852575730364594
4631-OACRM,1,0.6289104443814917
8593-WHYHV,1,0.7729486470109086
1403-GYAFU,0,0.0020751312991743698
7641-TQFHN,0,0.12570731439925428
4237-CLSMM,0,0.21889403380974748
4360-PNRQB,1,0.6018432614263484
5334-AFQJB,0,0.004663417914463041
9308-ANMVE,0,0.0673434937288581
3530-VWVGU,0,0.07832162966546687
4674-HGNUA,0,0.009667524050504674
3030-YDNRM,1,0.7031939854208449
3642-BYHDO,0,0.0017364403927938184
0440-UEDAI,0,0.11403990975742824
9819-FBNSV,0,0.390816662847571
9289-LBQVU,0,0.044708303445522075
4468-YDOVK,0,0.22864344513507415
2001-EWBQU,0,0.11283645288634701
9992-UJOEL,0,0.4368015785538494
8409-WQJUX,0,0.1725045002495066
3077-RSNTJ,0,0.14713216583182645
6993-YCOBK,0,0.0749212752612265
4817-VYYWS,1,0.6379114233166076
4702-HDRKD,0,0.028189536217773103
3251-YMVWZ,0,0.0140493198448135
4190-MFLUW,0,0.16075082734980592
4678-DVQEO,0,0.35006981240907253
4701-AHWMW,0,0.16161391075009376
2987-BJXIK,0,0.01980259991658967
1730-VFMWO,0,0.08735528719195698
1936-UAFEH,0,0.03997134837714594
5140-FOMCQ,0,0.20949153498347226
8778-LMWTJ,1,0.5247972238864224
9840-DVNDC,1,0.7091557606943151
8033-VCZGH,0,0.29306430235438335
8580-QVLOC,0,0.009299212220051487
6128-AQBMT,0,0.3394524366283413
6257-RJOHI,0,0.3460598472598977
1929-ZCBHE,0,0.02805864139055057
6242-SGYTS,0,0.12478367747068135
7010-ZMVBF,0,0.09390887938796876
3519-ZKXGG,1,0.7431903391611034
5666-MBJPT,0,0.005956417204023095
3313-QKNKB,0,0.18157040841559183
7581-EBBOU,0,0.03318968596063519
1784-BXEFA,0,0.20176248446942996
7492-TAFJD,0,0.08953713671431192
5213-TWWJU,0,0.3521682161546693
3312-ZWLGF,0,0.4467815314911208
2923-ARZLG,0,0.17544265247087118
7032-LMBHI,0,0.07305886793741576
8292-ITGYJ,0,0.010637442559040372
9107-UKCKY,0,0.10308983912614728
6848-HJTXY,0,0.003202782248900742
4184-VODJZ,0,0.1678415449423208
4846-WHAFZ,0,0.49541698522564753
8735-SDUFN,0,0.002987134635330513
0839-JTCUD,0,0.010504922458979911
6857-VWJDT,1,0.7813930346739968
7363-QTBIW,1,0.6779080693050423
6158-HDPXZ,1,0.5624962628399337
5419-CONWX,1,0.7095090648999802
9286-DOJGF,0,0.4343810757894062
2408-PSJVE,0,0.08636319460375844
2087-QAREY,0,0.26093291231016946
6777-TGHTM,0,0.2657600746970365
6507-ZJSUR,1,0.6721481050796235
5025-GOOKI,0,0.11656361943314834
6080-LNESI,0,0.00937927340526086
2236-HILPA,0,0.0030092083137867685
1386-ZIKUV,0,0.2261584578702154
3365-SAIGS,1,0.587241525633471
6061-GWWAV,0,0.04589885562020165
9979-RGMZT,1,0.552304166029843
8445-DNBAE,0,0.4741298738472676
6872-HXFNF,0,0.019182888956477174
1320-HTRDR,1,0.7298666420634284
3923-CSIHK,0,0.30616477036394985
2446-ZKVAF,0,0.2784674724026614
4640-UHDOS,0,0.2750088828286686
5457-COLHT,0,0.006476948408512529
2254-DLXRI,1,0.7195855675747592
5339-PXDVH,1,0.6405896840888412
2386-LAHRK,1,0.5494307204578632
5062-CJJKH,0,0.07883402935058129
8930-XOTDP,0,0.2817172521019014
4779-ZGICK,0,0.008552574067412982
9534-NSXEM,0,0.05165822150875202
3716-BDVDB,1,0.6891151854380458
9842-EFSYY,0,0.49460900744043046
9122-UMROB,0,0.21895848533424095
1867-BDVFH,1,0.6376409108156069
5949-EBSQK,0,0.2431396593000017
4160-AMJTL,0,0.15068607848057639
8622-ZLFKO,1,0.727019140814902
2990-IAJSV,0,0.011307295837165615
6064-ZATLR,0,0.022607422221932925
7409-KIUTL,1,0.6332027733381614
5505-OVWQW,0,0.058491927556610784
3948-KXDUF,0,0.005530117834898349
9814-AOUDH,0,0.005277316124744849
7398-LXGYX,0,0.3302895025489679
5266-PFRQK,0,0.013981248155065988
1568-BEKZM,0,0.012657795974444204
2692-PFYTJ,0,0.3343259220288837
2533-QVMSK,0,0.07951617740829267
5828-AVIPD,0,0.42030712703580414
2907-ILJBN,0,0.0632081531517444
5226-NOZFC,1,0.5496307040496177
7114-AEOZE,0,0.003387119569272309
2202-CUYXZ,1,0.7475860363397765
3466-RITXD,0,0.4866765088622452
7278-CKDNC,1,0.5647578389693504
1956-YIFGE,0,0.4121399660502909
0422-UXFAP,0,0.3463716972905135
3733-UOCWF,0,0.09969776013337318
7191-ADRGF,0,0.05966699066560541
5709-LVOEQ,0,0.1275863354176551
6034-YMTOB,1,0.5629771211223161
6372-RFVNS,1,0.6774100531550841
9052-DHNKM,0,0.08567171655859517
5609-IMCGG,1,0.522985724090746
2959-MJHIC,1,0.7469268620822433
1319-YLZJG,0,0.4784802134976826
7623-TRNQN,0,0.31157079996937964
0377-JBKKT,0,0.10690301796866306
1936-CZAKF,0,0.05328983721372705
5063-IUOKK,0,0.03536426604603898
8646-JCOMS,0,0.08767719919720376
0979-MOZQI,0,0.022590546569131394
1525-LNLOJ,0,0.022850379053990708
5759-RCVCB,1,0.5631852428853703
9968-FFVVH,0,0.012490353213555431
2266-FUBDZ,0,0.026482246047319576
4760-THGOT,0,0.3751346454915058
2307-FYNNL,0,0.07638811457970586
1143-NMNQJ,1,0.7703429506792348
1629-DQQVB,0,0.16924053568717964
3766-EJLFL,0,0.04931220801420069
8457-XIGKN,0,0.1243660939446713
4981-FLTMF,0,0.026483380596190126
7606-BPHHN,0,0.003274124080602807
7005-CCBKV,1,0.662626445223277
4648-YPBTM,0,0.02330179697593786
2325-ZUSFD,0,0.04205082794766715
1240-KNSEZ,0,0.28224763781182055
0430-IHCDJ,0,0.3976367920597999
7957-RYHQD,0,0.24427450663838088
6164-HAQTX,0,0.007561772750067037
0749-IRGQE,1,0.54119748150142
1227-UDMZR,0,0.015520558559534714
5473-KHBPS,0,0.215901326531452
5297-MDOIR,0,0.08819085094877711
8873-TMKGR,0,0.03572978189090612
6481-ESCNL,1,0.5579997555508227
0463-WZZKO,0,0.23854819599487523
1038-RQOST,0,0.0957420920177302
4937-QPZPO,0,0.26632805300844725
3604-WLABM,0,0.1989004158027071
1360-XFJMR,0,0.16653032087700853
8717-VCTXJ,0,0.029211558373776914
5196-SGOAK,1,0.650912061318384
8739-XNIKG,1,0.7681453301800225
2320-TZRRH,0,0.05068380524434457
5186-SAMNZ,1,0.6568046815302759
5760-FXFVO,1,0.5169338434640703
5380-WJKOV,1,0.6328991917950557
4703-MQYKT,0,0.02483109430584872
2001-MCUUW,0,0.10512547108780347
4947-DSMXK,1,0.5247752903461781
0076-LVEPS,0,0.13651308223346803
5566-SOEZD,0,0.17317129824389213
7408-OFWXJ,0,0.00881234425370176
1097-FSPVW,0,0.07274422715174805
4412-YLTKF,1,0.534997353520013
0420-TXVSG,0,0.01511622401105563
7817-BOQPW,1,0.7373489702527821
0963-ZBDRN,0,0.49732214857869006
9685-WKZGT,1,0.661980703982487
2139-FQHLM,0,0.45099743891637095
5825-XJOCM,0,0.03650402897878937
0004-TLHLJ,1,0.6592713436048584
7529-ZDFXI,0,0.36970834807050373
6848-YLDFR,0,0.039355144006463075
5820-PTRYM,0,0.0255638373510904
2984-RGEYA,0,0.0018993406487891938
6434-TTGJP,0,0.05326279822151083
9643-AVVWI,0,0.4662936421318773
3506-OVLKD,0,0.032366330638666875
4946-EDSEW,0,0.1607041689319188
2924-KHUVI,0,0.26120829698715115
2263-SFSQZ,0,0.010904293930509337
5281-BUZGT,0,0.4922048389900374
3717-FDJFU,0,0.039904262679419183
2239-CFOUJ,0,0.09895573456368895
8699-ASUFO,1,0.7350934903641049
1122-YJBCS,0,0.01763090122414567
0628-CNQRM,0,0.06722213056896226
1705-GUHPV,0,0.005337632151404851
4877-TSOFF,0,0.02655096149352274
7404-JLKQG,0,0.3997654643768134
0379-DJQHR,0,0.011941053186987845
8993-PHFWD,1,0.506669385717903
3930-ZGWVE,0,0.21650258626167107
1965-DDBWU,1,0.5619351705857542
7572-KPVKK,0,0.09175991930988184
6854-EXGSF,0,0.29163771739516875
9483-GCPWE,0,0.06787069890945525
8053-WWDRO,0,0.14860622343432603
9473-CBZOP,0,0.08641497485551794
3985-HOYPM,0,0.04135051995903832
8378-LKJAF,1,0.579495155310209
1310-QRITU,0,0.366811325157413
3237-AJGEH,0,0.449739573089607
6542-LWGXJ,1,0.5519732254442691
6953-PBDIN,0,0.01123997162008086
6332-FBZRI,0,0.01466036266457277
9365-CSLBQ,0,0.003033036515212306
3466-WAESX,0,0.2620034757362777
9700-ISPUP,0,0.23813770937961257
5167-ZFFMM,1,0.7424501579853849
7669-LCRSD,0,0.4171745392397525
0870-VEMYL,0,0.15610270823888084
2995-UPRYS,0,0.2219883014166681
3179-GBRWV,0,0.20733134200078387
0701-TJSEF,0,0.2029178632556813
1848-LBZHY,0,0.28377147090167143
5380-XPJNZ,0,0.023471194250781747
6608-QQLVK,0,0.4611123170634104
1475-VWVDO,1,0.6421848773054937
3721-CNEYS,1,0.6805857934159341
4299-OPXEJ,0,0.005679654470763189
0096-BXERS,0,0.4058080241650983
3055-VTCGS,0,0.0284661927663108
9405-GPBBG,0,0.09113773560559993
6704-UTUKK,0,0.4931877777364134
9944-AEXBM,1,0.5439490096623488
2545-EBUPK,1,0.7632765319421924
6270-OMFIW,0,0.2182070874013636
1852-XEMDW,0,0.18981526838451562
8158-WPEZG,0,0.37245764539034293
5198-EFNBM,0,0.19977661836045976
7663-RGWBC,0,0.4791016800802383
3970-XGJDU,0,0.004602604306309952
6845-RGTYS,0,0.37051151930449927
0123-CRBRT,0,0.013608489449662534
6077-BDPXA,1,0.667983188953923
2250-IVBWA,0,0.09539596440492931
6137-NICCO,1,0.703260540963037
8129-GMVGI,0,0.004270174263184066
4353-HYOJD,0,0.14114666273377208
8671-KKKOS,0,0.13612763058323957
8080-DDEMJ,0,0.3819974193078928
6698-OXETB,0,0.03917861553928923
3312-UUMZW,1,0.6213859374058874
6376-GAHQE,1,0.6501853756894616
0733-VUNUW,0,0.22476543930303025
6733-LRIZX,0,0.15592736765034068
2165-VOEGB,0,0.10475175597108435
1853-UDXBW,1,0.6514689680432327
9070-BCKQP,0,0.061740481792364084
1035-IPQPU,0,0.4204771669031993
2057-ZBLPD,1,0.6697535463328615
6967-PEJLL,0,0.058581718164231834
7879-CGSFV,0,0.19934614634500208
2257-BOVXD,0,0.38586961077615006
9822-BIIGN,0,0.05774350657209671
1136-XGEQU,0,0.06491431272655877
2439-LYPMQ,1,0.5991477658640906
6543-XRMYR,1,0.634106115178377
5753-QQWPW,0,0.048983520595087475
4785-QRJHC,0,0.1049005166671124
0052-YNYOT,0,0.006327943337189232
7054-LGEQW,0,0.3932227001874795
0608-JDVEC,0,0.006941203776727237
6284-KMNUF,0,0.22957612316484027
6286-SUUWT,0,0.21739332734846667
3594-KADLU,0,0.3369181391715497
0536-ACXIP,0,0.0930236727292204
8869-TORSS,0,0.026389822445242885
0373-AIVNJ,0,0.19297906397509162
6429-SHBCB,0,0.4371049058567065
5751-USDBL,0,0.01987567757300582
6815-ABQFQ,0,0.24529072014563458
9450-TRJUU,0,0.48550945283875013
2805-AUFQN,0,0.017090863264033883
7855-DIWPO,1,0.5153454952340552
0174-QRVVY,0,0.002917222166516629
9507-EXLTT,1,0.7196200978915226
8390-FESFV,0,0.01802975149719969
0661-KBKPA,0,0.07614191403462091
6856-RAURS,1,0.7479499694150215
7322-OCWHC,0,0.024781980399870427
2203-GHNWN,1,0.6021376244403139
3413-CSSTH,0,0.18180076806119538
3006-XIMLN,1,0.7445389404673042
3750-CKVKH,1,0.6731524309244334
0576-WNXXC,1,0.5987667833348187
7056-IMHCC,1,0.5350342603473351
0866-QLSIR,0,0.05628273043051953
1628-BIZYP,1,0.6971688443625967
2230-XTUWL,0,0.0059322708740750674
1980-KXVPM,1,0.7132029429097562
8619-IJNDK,0,0.0028271039899384637
2960-NKRSO,0,0.37335777869245335
6705-LXORM,1,0.5819690496723341
7130-VTEWQ,1,0.6983246126347402
9364-YKUVW,0,0.17403797404193133
2761-OCIAX,1,0.6504749117861318
7996-BPXHY,0,0.0412670082793753
4248-QPAVC,1,0.5070733713121307
9357-UJRUN,0,0.08874283911764037
6340-DACFT,0,0.004915622458263625
1023-BQXZE,0,0.026884174172852767
5480-HPRRX,1,0.5079778683617423
9576-SYUHJ,0,0.49160103301247804
2169-RRLFW,0,0.003587319631145888
8338-QIUNR,0,0.007076174456101381
0463-TXOAK,0,0.006251201981090974
4396-KLSEH,0,0.23965927283714722
5186-EJEGL,0,0.27686670800477303
9334-GWGOW,1,0.7200538738887976
5696-JVVQY,0,0.01819857073683208
9633-DENPU,0,0.13417613645530743
0581-BXBUB,1,0.5270320388879124
2750-BJLSB,0,0.1523476362093594
2770-NSVDG,0,0.30769361588786015
8280-MQRQN,0,0.46700617360996205
7851-FLGGQ,1,0.5270222613880698
9374-YOLBJ,0,0.16441634416077733
6583-SZVGP,0,0.19494814946338784
2150-OEGBV,0,0.032236053530063445
9372-TXXPS,0,0.004836982657174556
6933-FHBZC,0,0.1279867499658832
4698-KVLLG,0,0.0054280895083358505
8752-STIVR,1,0.7192114515894436
8623-ULFNQ,0,0.25558235807520724
9822-WMWVG,0,0.31934337226476744
4304-TSPVK,0,0.04201762471474116
1716-LSAMB,0,0.007913404663117938
3523-QRQLL,0,0.15352453493476015
2187-PKZAY,1,0.6238467892757777
1895-QTKDO,0,0.3444321974666872
8161-QYMTT,1,0.8003710121189395
2955-PSXOE,0,0.22785192081285777
6834-NXDCA,0,0.4756399407355857
8701-DGLVH,0,0.0069506438436406125
2480-SQIOB,0,0.3096127946006677
4993-JCRGJ,0,0.4750722802963509
0581-MDMPW,1,0.6256897602694789
7789-CRUVC,0,0.14554591317043644
0164-APGRB,0,0.06095574557040546
8034-RYTVV,0,0.1297657312965592
3018-TFTSU,0,0.3909053483648011
9777-IQHWP,0,0.03776695528942742
6899-PPEEA,1,0.6341154864951103
6701-YVNQG,0,0.015497359273419033
7649-PHJVR,0,0.07738948603141611
9278-VZKCD,0,0.4117903288586317
7636-PEPNS,0,0.034279924295981735
1575-KRZZE,0,0.22933215239554613
8590-OHDIW,0,0.019821737988955347
7764-BDPEE,0,0.16913119224736609
9480-BQJEI,0,0.11530965206123964
3354-OADJP,0,0.06867506958209063
3181-MIZBN,0,0.09774946599935633
9327-QSDED,0,0.32731319684685284
4892-VLANZ,0,0.21672502365907462
0298-XACET,0,0.02289566355117337
6917-FIJHC,0,0.005557293922330917
6557-BZXLQ,0,0.48629031677989026
2432-TFSMK,1,0.5092053492872286
4211-MMAZN,0,0.2187343957537809
4751-ERMAN,0,0.018150779218457876
8430-TWCBX,0,0.013729987841246278
1942-OQFRW,0,0.3752129824373457
4075-JFPGR,0,0.14958867816241195
3339-EAQNV,0,0.19900873709900255
5329-KRDTM,0,0.012702004408970461
0307-BCOPK,0,0.05927207063237482
6473-ULUHT,0,0.19349398194809303
1194-SPVSP,0,0.17874618625991467
7249-WBIYX,1,0.7658138557696879
2293-IJWPS,0,0.32350972264937744
4377-VDHYI,0,0.2011659332273549
0019-EFAEP,0,0.05714958369630692
2480-EJWYP,0,0.2344164282208708
8970-ANWXO,0,0.20879958285372713
8739-WWKDU,1,0.6237769894707106
2171-UDMFD,0,0.0651854891087568
7036-TYDEC,0,0.06346674263990494
3831-YCPUO,0,0.03130686095981097
0121-SNYRK,0,0.0451933018744745
3325-FUYCG,0,0.27265596956932775
1952-DVVSW,0,0.08129286229342624
3571-DPYUH,0,0.12887773727832602
2077-MPJQO,1,0.7249222697668694
2391-SOORI,0,0.2201816566960868
4086-ATNFV,0,0.05660656777766081
3396-DKDEL,0,0.04946154966090238
7471-MQPOS,0,0.02118050134240626
7181-OQCUT,1,0.5786598569940916
3489-VSFRD,0,0.01952059779753101
6283-GITPX,0,0.0071437571799519645
2845-HSJCY,1,0.6327129762771997
7216-KAOID,0,0.014217978083935809
6680-WKXRZ,1,0.6137967860766265
2346-LOCWC,0,0.003425746377631712
0769-MURVM,0,0.008074717788562821
3374-LXDEV,0,0.41407306238510927
5318-YKDPV,0,0.024759901743092227
8190-ZTQFB,0,0.21958386393675786
4512-ZUIYL,1,0.5582035242183878
3090-QFUVD,0,0.18500251331277792
4806-KEXQR,1,0.7106359790354909
2369-FEVNO,0,0.28118664079182865
9637-CDTKZ,0,0.05656589732307558
2954-PIBKO,0,0.006495530883342971
2212-LYASK,0,0.18100773848783913
9481-SFCQY,0,0.3269138713545381
2828-SLQPF,0,0.2697467819328959
4647-MUZON,1,0.6753743035846402
8212-DJRCH,1,0.5817954682172225
0516-OOHAR,0,0.25558424187681317
4973-RLZVI,0,0.04360304816816669
8089-UZWLX,0,0.09532623528795243
9732-KPKBW,0,0.2575835551116804
9715-WZCLW,0,0.07227754435429784
0257-KXZGU,0,0.13973345375225754
0707-HOVVN,0,0.015011915021469964
5501-TVMGM,1,0.5104916326699203
3422-LYEPQ,1,0.6573977438765418
2277-VWCNI,0,0.41878414721463336
5461-QKNTN,0,0.3930956000119265
3967-KXAPS,0,0.013200720554018618
6919-ELBGL,0,0.04336050726578109
8361-LTMKD,1,0.7538766982568328
1131-ALZWV,0,0.04589296994089769
5178-LMXOP,1,0.836180341302733
8992-CEUEN,0,0.19121466728813213
3320-VEOYC,1,0.770080022031496
3672-YITQD,1,0.5564255596472533
6080-TCMYC,0,0.42433971409115334
6734-FQAJX,0,0.04915473018577042
1063-DHQJF,0,0.046176302707501025
3976-NLDEZ,0,0.2203064909932989
1729-VLAZJ,0,0.0991748702154797
3400-ESFUW,0,0.004370511389706832
5271-YNWVR,0,0.05411200612579221
1587-FKLZB,0,0.38292982082973936
0958-YHXGP,1,0.6550347224652794
1494-EJZDW,0,0.0320519073160672
1816-FLZDK,0,0.43466696568360813
2075-PUEPR,0,0.003717731746207361
1833-TCXKK,1,0.5554117818449995
1436-ZMJAN,0,0.46377038949778965
0106-UGRDO,0,0.07079143583181798
1069-XAIEM,1,0.7727625217814496
4213-HKBJO,0,0.016929085818657538
8345-MVDYC,0,0.018412213152159813
2672-OJQZP,0,0.3857421627052496
5136-RGMZO,0,0.23361860757458489
5774-QPLTF,0,0.017248694206760992
5240-CAOYT,0,0.12660449300709747
3707-GNWHM,1,0.7613164076538337
5159-YFPKQ,1,0.674224892837284
5052-PNLOS,1,0.7660087109434238
6173-GOLSU,0,0.40117401742096326
6661-HBGWL,1,0.5167469039983769
8207-VVMYB,0,0.005075224341392969
5324-KTGCG,0,0.006088790746613355
7354-OIJLX,1,0.7051634564534832
9286-BHDQG,0,0.004234547497772039
3567-PQTSO,0,0.2852211059771929
3197-ARFOY,0,0.44872639789225355
5698-BQJOH,1,0.7180865851320687
1090-ESELR,0,0.02197584398851838
0056-EPFBG,0,0.04988994761548397
4955-VCWBI,0,0.01573430147440893
4717-GHADL,0,0.04524427504682571
0058-EVZWM,0,0.31743717404306465
7218-HKQFK,1,0.692000269521736
5057-RKGLH,0,0.03355311069994328
2309-OSFEU,1,0.5872768368320962
3429-IFLEM,0,0.006254837683698386
1550-LOAHA,0,0.3391931094622557
1400-MMYXY,1,0.8040863827337764
7503-QQRVF,1,0.5297106057619078
7504-UWHNB,0,0.41484917546950634
9565-JSNFM,0,0.20880778942165887
4735-BJKOU,0,0.010544839421847094
3580-GICBM,0,0.006577408092220961
7632-YUTXB,0,0.034652697801864425
9412-ARGBX,0,0.07052542383755016
9576-ANLXO,1,0.6299383970968917
1110-KYLGQ,0,0.24079904368769625
8696-JKZNU,0,0.4794015169126101
8757-TFHHJ,0,0.34698904612796794
2955-BJZHG,1,0.5263643532742701
9048-JVYVF,0,0.44116807058294244
0682-USIXD,1,0.5142729420485073
3884-UEBXB,0,0.006956227475962897
1776-SPBWV,0,0.026101063056816066
9050-QLROH,1,0.663753524944806
2925-VDZHY,0,0.009017098655204737
9512-UIBFX,1,0.5842552856775534
8676-TRMJS,1,0.6829297541024997
3334-CTHOL,0,0.4822244848217256
6331-LWDTQ,1,0.5767060813567648
3847-BAERP,0,0.20525614360426986
4709-LKHYG,0,0.026694698590525166
8621-MNIHH,1,0.5305180778916302
8884-ADFVN,1,0.8152859786221784
2885-HIJDH,0,0.011521339344168394
8570-KLJYJ,0,0.06579020699269737
9339-FIIJL,0,0.015716498902762333
6223-DHJGV,0,0.02920310001423254
0959-WHOKV,0,0.23171639419643641
9610-WCESF,0,0.010979580508354276
9279-CJEOJ,1,0.6923564878967589
2985-FMWYF,1,0.7085885091808118
3540-RZJYU,0,0.4787801441605349
2522-WLNSF,0,0.057850152889608375
6861-XWTWQ,1,0.8033112581256605
8735-NBLWT,0,0.13381159685602284
1744-JHKYS,0,0.07423013643064555
0841-NULXI,1,0.6675153578697248
4016-BJKTZ,0,0.16644235473585497
9298-WGMRW,0,0.05402145384793842
7893-IXHRQ,0,0.2068719255215966
8785-CJSHH,0,0.44642850883745006
7654-YWJUF,0,0.09284489153011093
8909-BOLNL,0,0.11065810775286711
9919-FZDED,0,0.023564859624013564
0322-CHQRU,0,0.3743425225283772
3587-PMCOY,0,0.46234464333542
0655-RBDUG,1,0.7642992526377405
0983-TATYJ,0,0.07993328307126328
5650-YLIBA,1,0.5135922204512514
5144-TVGLP,1,0.5448753177217062
3569-EDBPQ,0,0.357708010846979
4945-RVMTE,0,0.25611450847184386
3511-BFTJW,0,0.006055691367021964
5537-UXXVS,0,0.08464801333707458
8782-NUUOL,0,0.029665066850092073
2865-TCHJW,1,0.7694183359199399
9931-KGHOA,0,0.08022160775365311
3071-MVJCD,0,0.006684509054452775
7279-BUYWN,1,0.5073740545089369
3756-VNWDH,0,0.22664879813394403
1395-OFUWC,0,0.1121401616995993
4223-BKEOR,0,0.08187356532272938
0040-HALCW,0,0.004279330271239983
7124-UGSUR,0,0.26102195339823225
7395-XWZOY,0,0.26115165056106865
5440-VHLUL,0,0.15027136082478929
4706-DGAHW,0,0.38261651905971
8166-ORCHU,0,0.15227825418518323
3978-YNKDD,0,0.019288246567616997
7198-GLXTC,1,0.6712711923821184
6366-XIVKZ,0,0.2607740301222157
5133-POWUA,0,0.48990520276631244
8400-WZICQ,0,0.03732807233649182
5382-SOYZL,1,0.7300358882549668
1989-PRJHP,1,0.5718056735425963
4154-AQUGT,0,0.46669010037878683
0980-FEXWF,0,0.08991265669637923
5845-BZZIB,0,0.01128630463199097
4840-ORQXB,0,0.38250434143646
0295-PPHDO,1,0.8302218302282308
8775-ERLNB,1,0.688031472752375
0376-YMCJC,1,0.5637976767548945
7410-YTJIK,1,0.6430667718395924
9927-DSWDF,0,0.42605354184523264
6681-ZSEXG,0,0.020107521048216434
5702-KVQRD,0,0.0156695518313423
8711-LOBKY,0,0.0039589079002569924
9692-TUSXH,1,0.5942207163842403
4012-YCFAI,0,0.009999486114711818
8455-HIRAQ,0,0.32222550625047314
7853-WNZSY,0,0.24975840643538197
0390-DCFDQ,1,0.7126810379678716
6421-SZVEM,0,0.18876819176933227
3094-JOJAI,1,0.5661569198737989
4873-ILOLJ,1,0.6548096476094638
8181-YHCMF,0,0.014240604053001316
3324-OIRTO,0,0.09164212042290935
9135-HSWOC,0,0.0035126870051102846
2272-WUSPA,0,0.08847941694133411
4627-MIHJH,0,0.04497785876370166
3896-RCYYE,0,0.10361591532860982
6729-GDNGC,0,0.4960571158335152
9945-PSVIP,0,0.022037321086907112
4137-JOPHL,0,0.0621008980730733
2720-FVBQP,0,0.3995047221279385
7854-EKTJL,0,0.20263798917070655
1133-KXCGE,0,0.0564086341351179
6048-QBXKL,0,0.46328257490638963
6338-AVWCY,1,0.6861329356887991
0013-MHZWF,0,0.304866891680838
9804-ICWBG,1,0.6935904847297099
2368-GAKKQ,0,0.050005472438414404
4829-AUOAX,0,0.4432368458153368
7876-BEUTG,0,0.4009282672325144
6349-JDHQP,0,0.005047432914836405
3063-QFSZL,0,0.49805534567674825
9142-XMYJH,0,0.060698029240003025
2609-IAICY,1,0.75092685607102
8626-PTQGE,0,0.015601248652016382
0230-UBYPQ,0,0.016734250241337144
6814-ZPWFQ,0,0.015699860389813063
5921-NGYRH,0,0.1734632875355829
7803-XOCCZ,0,0.10820217124110765
1459-QNFQT,0,0.009762279267958746
3948-FVVRP,0,0.17483974729360055
0923-PNFUB,1,0.6141557585187772
4654-ULTTN,0,0.012533598126045266
5628-FCGYG,1,0.6528090013523956
0506-LVNGN,1,0.6310265304987723
4329-YPDDQ,0,0.38406961541726076
9866-OCCKE,0,0.07353748879142155
0794-YVSGE,0,0.0017683245001505728
4342-HENTK,1,0.6790874514423056
5934-TSSAU,0,0.4375041260052301
9986-BONCE,0,0.15763084976804112
5301-GAUUY,0,0.45477386168905576
0725-CXOTM,0,0.11190435107163878
2843-CQMEG,0,0.25012810004340735
5600-PDUJF,0,0.2888036975206295
4500-HKANN,0,0.037642473275350856
1862-QRWPE,0,0.005003402393830336
2155-AMQRX,0,0.1856656799917138
0823-HSCDJ,0,0.2415607668166512
4090-KPJIP,1,0.7266973183241975
2737-YNGYW,1,0.6423153000674166
5619-XZZKR,0,0.10326165668047521
6047-YHPVI,1,0.6615084886859314
8375-DKEBR,1,0.6803564562348945
7729-XBTWX,0,0.004100993284911397
4983-CLMLV,0,0.34921525555969446
9227-LUNBG,1,0.5247946885404019
2758-RNWXS,0,0.16171463397534105
7055-HNEOJ,0,0.35986240699773087
7134-MJPDY,0,0.17125261171681058
4560-WQAQW,0,0.020311143172494744
8532-UEFWH,0,0.007744474452195576
8541-QVFKM,1,0.6870216022019388
7129-ACFOG,0,0.37813768816072735
2495-INZWQ,1,0.7009698706138172
0263-FJTQO,0,0.020705032265142656
0181-RITDD,0,0.03450909866743048
8241-JUIQO,0,0.007005980597526237
0913-XWSCN,0,0.2594009165180853
2159-TURXX,0,0.1661423265741453
6461-PPAXN,0,0.031138187594728774
1452-KIOVK,1,0.5655814785878922
1139-WUOAH,0,0.027674860895724778
3207-OYBWH,0,0.3530418946181896
8347-GDTMP,0,0.00321416436815749
9909-DFRJA,0,0.17211505623870554
6383-ZTSIW,0,0.20444223924278743
5438-QMDDL,0,0.33176662401750534
8914-RBTSB,1,0.5119396671161597
6164-HXUGH,0,0.14777477928104643
6900-RBKER,0,0.13416281388890106
1492-QGCLU,0,0.083888408741429
6664-FPDAC,0,0.23381263038331315
1088-AUUZZ,0,0.013905873723728106
6651-AZVTJ,1,0.5059700728915162
8219-VYBVI,0,0.012522257015210285
0310-MVLET,0,0.372525064327456
7233-IOQNP,0,0.06690534793284086
7311-MQJCH,0,0.08738054232239632
9256-JTBNZ,0,0.11945902665261765
8713-IGZSO,0,0.260607593750295
6821-BUXUX,1,0.6176812193052632
9114-DPSIA,0,0.0060987357909094864
4501-UYKBC,0,0.06875479042965735
2798-NYLMZ,0,0.06203294323233494
6711-VTNRE,0,0.3314734720426683
5966-EMAZU,0,0.16390203490497607
3627-FHKBK,1,0.525101706204761
7861-UVUFT,1,0.6567225321326525
9824-QCJPK,0,0.02848338392262691
7816-VGHTO,0,0.08627015046172189
3794-NFNCH,0,0.24192334597049112
3877-JRJIP,1,0.6073935881316375
5228-EXCET,1,0.6527467622390989
6248-BSHKG,0,0.007717562648911279
8915-NNTRC,0,0.04304658212070261
3470-OBUET,0,0.006772350599333049
3229-USWAR,0,0.07007374171310005
1927-QEWMY,0,0.0023794417175134128
6374-AFWOX,0,0.011423824973414074
7912-SYRQT,1,0.6686840116936996
2070-FNEXE,0,0.4240391293535704
5803-NQJZO,0,0.006455139600437243
5651-YLPRD,0,0.44795779959142906
1271-UODNO,0,0.034563864301007066
5014-WUQMG,0,0.13698460096168968
5889-JTMUL,0,0.4606508220934488
0788-DXBFY,0,0.011060553601355307
2669-QVCRG,0,0.33411928870926566
6630-UJZMY,1,0.7780570464231233
5061-PBXFW,0,0.0462677394567466
2700-LUEVA,0,0.19507981640815253
3865-ZFZIB,0,0.02713820317187512
0471-ARVMX,0,0.22012627422473527
8985-OOPOS,0,0.19428166319943377
0719-SYFRB,0,0.22497349946276418
0447-BEMNG,0,0.14947413178259003
5630-AHZIL,0,0.19798138115276123
2190-BCXEC,0,0.3228657848960468
1559-DTODC,0,0.3956381433471252
3244-DCJWY,1,0.684050894329695
3967-VQOGC,0,0.005271347822617037
0265-PSUAE,0,0.42516632071087307
1622-HSHSF,0,0.26865786003052217
9867-XOBQA,0,0.04268919209105427
6773-LQTVT,0,0.2725811295252155
4332-MUOEZ,0,0.13428550948498222
0023-XUOPT,1,0.621321259257124
6543-CPZMK,0,0.452549028451863
6418-HNFED,0,0.020027454768446012
1036-GUDCL,0,0.05168476262186357
4818-QIUFN,0,0.4998519637630973
0778-NELLA,1,0.5956943553273537
7495-OOKFY,1,0.657798129967447
4737-HOBAX,0,0.023554395735104806
7919-ZODZZ,0,0.2047703987804756
2988-PLAHS,0,0.363465208192959
9067-SQTNS,0,0.013014237526186754
6483-OATDN,0,0.25920455870909065
5469-CTCWN,0,0.18809887690182617
3524-WQDSG,0,0.4878668918982525
6968-URWQU,0,0.12317056117796457
8601-QACRS,1,0.5075761891706944
8690-UPCZI,0,0.053401295562040346
5331-RGMTT,1,0.5046367987424526
1357-BIJKI,0,0.3319352004550987
2088-IEBAU,0,0.017437975273407652
0679-IDSTG,1,0.6346357095922528
6519-ZHPXP,0,0.027156845347319984
2101-RANCD,0,0.31818581026906984
4029-HPFVY,1,0.698638751964039
1015-OWJKI,0,0.21340581776234202
8314-HTWVE,0,0.036031847663685765
5357-TZHPP,1,0.7172020390393872
8727-XDPUD,0,0.07183713151126506
9073-ZZIAY,0,0.009718631062167266
5181-OABFK,0,0.011050422495363478
3812-LRZIR,0,0.01923321228828763
5204-HMGYF,0,0.0458934556471676
9950-MTGYX,0,0.018378561617060203
3675-EQOZA,0,0.1575298177134824
3646-ITDGM,0,0.004026200481946456
3913-FCUUW,0,0.005530485979935334
